{
  "best_val_loss": 89.7650146484375,
  "last_val_loss": 98.34334564208984,
  "val_rmse": 9.474440070444137,
  "val_r2": 0.770861804485321,
  "num_train_samples": 285,
  "num_val_samples": 72,
  "targets": [
    "Dry_Clover_g",
    "Dry_Dead_g",
    "Dry_Green_g",
    "Dry_Total_g",
    "GDM_g"
  ]
}