{
  "best_val_loss": 108.20561981201172,
  "last_val_loss": 110.10536193847656,
  "val_rmse": 10.402193028972867,
  "val_r2": 0.7810267806053162,
  "num_train_samples": 285,
  "num_val_samples": 72,
  "targets": [
    "Dry_Clover_g",
    "Dry_Dead_g",
    "Dry_Green_g",
    "Dry_Total_g",
    "GDM_g"
  ]
}