sample_id,target
ID1001187975_Dry_Clover_g,22.55262
ID1001187975_Dry_Dead_g,70.96559
ID1001187975_Dry_Green_g,59.59848
ID1001187975_Dry_Total_g,156.07185
ID1001187975_GDM_g,83.24353
